2022 Korea Republic,Yoon Jong-gyu,23,DF
2022 Korea Republic,Hong Chul,31,DF
2022 Korea Republic,Kim Moonhwan,26,DF
2022 Korea Republic,Park Mingyu,26,DF
2022 Korea Republic,Kim Young-gwon,31,DF
2022 Korea Republic,Lee Jaeik,22,DF
2022 Korea Republic,Kim Jin-su,29,DF
2022 Korea Republic,Kim Tae-hwan,32,DF
2022 Korea Republic,Jung Seung-hyun,27,DF
2022 Korea Republic,Lee Yong,35,DF
2022 Korea Republic,Park Joo-ho,35,DF
2022 Korea Republic,Park Ji-soo,27,DF
2022 Korea Republic,Kang Sang-woo,28,DF
2022 Korea Republic,Kwon Kyung-won,30,DF
2022 Korea Republic,Won Du-jae,24,DF
2022 Korea Republic,Kim Young-bin,30,DF
2022 Korea Republic,Lee Ki-je,30,DF
2022 Korea Republic,Kim Min-jae,25,DF
2022 Korea Republic,Cho Youngwook,22,FW
2022 Korea Republic,Um Wonsang,23,FW
2022 Korea Republic,Cho Guesung,24,FW
2022 Korea Republic,Na Sang-ho,25,FW
2022 Korea Republic,Kim Gun-hee,26,FW
2022 Korea Republic,Hwang Ui-jo,29,FW
2022 Korea Republic,Kwon Chang-hoon,27,FW
2022 Korea Republic,Jeong Sangbin,19,FW
2022 Korea Republic,Son Heung-min,29,FW
2022 Korea Republic,Kim Shin-wook,33,FW
2022 Korea Republic,Song Bumkeun,24,GK
2022 Korea Republic,Gu Sung-yun,27,GK
2022 Korea Republic,Kim Dong-jun,27,GK
2022 Korea Republic,Kim Seung-gyu,31,GK
2022 Korea Republic,Kim Jin-hyeon,34,GK
2022 Korea Republic,Cho Hyun-woo,30,GK
2022 Korea Republic,Lee Kangin,20,MF
2022 Korea Republic,Song Minkyu,22,MF
2022 Korea Republic,Jeong Woo-yeong,22,MF
2022 Korea Republic,Paik Seung-ho,24,MF
2022 Korea Republic,Kim Jin-kyu,24,MF
2022 Korea Republic,Lee Dongjun,24,MF
2022 Korea Republic,Lee Donggyeong,24,MF
2022 Korea Republic,Hwang In-beom,25,MF
2022 Korea Republic,Hwang Hee-chan,26,MF
2022 Korea Republic,Ko Seungbeom,27,MF
2022 Korea Republic,Lee Jae-sung,29,MF
2022 Korea Republic,Nam Tae-hee,30,MF
2022 Korea Republic,Ju Se-jong,31,MF
2022 Korea Republic,Son Jun-ho,29,MF
2022 Korea Republic,Kim Bo-kyung,32,MF
2022 Korea Republic,Jung Woo-young,32,MF
